,Gender,Married,Dependents,Education,Self_Employed,Credit_History,Property_Area,Loan_Status,Total,Debt/Income,EMI
0,Male,No,0,Graduate,No,1.0,Urban,1,5849.0,21.884082749187897,12.5568
1,Male,Yes,1,Graduate,No,1.0,Rural,0,6091.0,21.0146117222131,12.5568
2,Male,Yes,0,Graduate,Yes,1.0,Urban,1,3000.0,22.0,6.4746
3,Male,Yes,0,Not Graduate,No,1.0,Urban,1,4941.0,24.286581663630844,11.772
4,Male,No,0,Graduate,No,1.0,Urban,1,6000.0,23.5,13.8321
5,Male,Yes,2,Graduate,Yes,1.0,Urban,1,9613.0,27.77488817226672,26.1927
6,Male,Yes,0,Not Graduate,No,1.0,Urban,1,3849.0,24.68173551571837,9.3195
7,Male,Yes,3,Graduate,No,0.0,Semiurban,0,5540.0,28.51985559566787,15.4998
8,Male,Yes,2,Graduate,No,1.0,Urban,1,5532.0,30.36876355748373,16.4808
9,Male,Yes,1,Graduate,No,1.0,Semiurban,0,23809.0,14.658322483094627,34.2369
10,Male,Yes,2,Graduate,No,1.0,Urban,1,3900.0,17.94871794871795,6.867000000000001
11,Male,Yes,2,Graduate,No,1.0,Urban,1,4340.0,25.11520737327189,10.692900000000002
12,Male,Yes,2,Graduate,No,1.0,Urban,1,11179.0,17.890687896949636,19.62
13,Male,No,0,Graduate,No,1.0,Rural,0,4693.0,24.291497975708502,11.1834
14,Male,Yes,2,Graduate,No,1.0,Urban,1,2385.0,7.127882599580713,1.6677000000000002
15,Male,No,0,Graduate,No,1.0,Urban,1,4950.0,25.252525252525253,12.262500000000001
16,Male,No,1,Not Graduate,No,1.0,Urban,1,3596.0,27.808676307007786,9.810000000000002
17,Female,No,0,Graduate,No,0.0,Urban,0,3510.0,21.65242165242165,7.4556000000000004
18,Male,Yes,0,Not Graduate,No,1.0,Rural,0,4887.0,27.215060364231636,13.047299999999998
19,Male,Yes,0,Graduate,No,1.0,Urban,1,6100.0,18.852459016393443,11.2815
20,Male,Yes,0,Not Graduate,No,0.0,Urban,0,7660.0,13.577023498694517,10.202399999999999
21,Male,Yes,1,Graduate,No,1.0,Urban,1,11580.0,27.202072538860104,30.901500000000002
22,Male,Yes,0,Not Graduate,No,0.0,Semiurban,0,4511.0,25.71491908667701,11.3796
23,Male,Yes,2,Not Graduate,No,0.0,Rural,0,5282.0,21.204089360090876,10.987200000000001
24,Male,Yes,1,Graduate,No,1.0,Semiurban,0,6642.0,22.73411623005119,14.8131
25,Male,Yes,0,Graduate,Yes,1.0,Semiurban,1,9560.0,19.97907949790795,18.737099999999998
26,Male,Yes,0,Graduate,No,1.0,Semiurban,1,5052.0,24.14885193982581,11.968200000000003
27,Male,Yes,2,Not Graduate,No,1.0,Urban,1,5266.0,20.888720091150777,10.791000000000002
28,Male,No,0,Not Graduate,No,1.0,Urban,0,1442.0,24.271844660194176,3.4335000000000004
29,Female,No,2,Graduate,No,1.0,Semiurban,1,5833.0,20.5726041488085,11.772
30,Male,Yes,1,Graduate,No,1.0,Urban,0,7535.0,26.675514266755144,19.7181
31,Male,No,0,Graduate,No,1.0,Urban,0,3167.0,23.365961477739184,7.2594
32,Male,No,1,Graduate,Yes,1.0,Rural,0,4692.0,22.59164535379369,10.3986
33,Male,Yes,0,Graduate,No,1.0,Semiurban,1,5167.0,22.063092703696537,11.1834
34,Male,No,3,Graduate,No,1.0,Rural,0,15500.0,20.64516129032258,31.392
35,Male,Yes,0,Graduate,No,1.0,Urban,1,4342.0,29.47950253339475,12.5568
36,Male,Yes,0,Graduate,No,0.0,Urban,0,3158.0,31.665611146295124,9.81
37,Female,Yes,0,Graduate,No,1.0,Semiurban,1,5126.0,28.092079594225517,14.1264
38,Male,No,0,Graduate,No,1.0,Urban,1,11376.0,16.17440225035162,18.0504
39,Male,No,0,Not Graduate,No,1.0,Semiurban,1,5416.0,20.31019202363368,10.791000000000002
40,Male,No,0,Graduate,No,1.0,Urban,0,3600.0,22.22222222222222,7.848
41,Male,No,0,Graduate,No,1.0,Urban,1,3013.0,15.599070693660803,4.6107
42,Male,Yes,0,Graduate,No,1.0,Urban,1,2400.0,31.25,7.3575
43,Male,Yes,0,Graduate,No,1.0,Semiurban,1,6277.0,21.347777600764697,13.145399999999999
44,Male,Yes,0,Not Graduate,Yes,1.0,Urban,1,4695.0,20.447284345047922,9.4176
45,Female,No,0,Graduate,No,1.0,Urban,1,3410.0,25.806451612903224,8.6328
46,Male,Yes,1,Graduate,No,1.0,Urban,1,5649.0,7.788989201628607,4.3164
47,Male,Yes,0,Graduate,No,1.0,Urban,1,5821.0,24.738017522762412,14.1264
48,Female,Yes,0,Graduate,No,0.0,Urban,0,6085.0,19.72062448644207,11.772
49,Female,No,0,Graduate,No,1.0,Semiurban,1,6275.0,22.948207171314742,14.1264
50,Female,Yes,0,Not Graduate,No,1.0,Semiurban,1,3572.0,27.99552071668533,9.81
51,Female,No,0,Graduate,No,1.0,Semiurban,1,3086.0,38.8852883992223,11.772
52,Female,No,0,Graduate,No,1.0,Semiurban,0,4230.0,26.47754137115839,10.987200000000001
53,Male,Yes,2,Graduate,No,1.0,Urban,0,4616.0,29.02946273830156,13.145399999999999
54,Female,Yes,1,Graduate,Yes,0.0,Urban,0,11500.0,24.869565217391305,28.0566
55,Male,Yes,2,Graduate,No,1.0,Semiurban,1,3875.0,25.032258064516128,9.5157
56,Male,Yes,0,Graduate,No,1.0,Semiurban,1,3723.0,25.785656728444803,9.4176
57,Male,Yes,0,Graduate,No,1.0,Rural,0,5566.0,24.254401724757457,13.243500000000001
58,Male,Yes,1,Graduate,No,1.0,Urban,1,10330.0,17.424975798644724,17.658
59,Male,Yes,2,Not Graduate,No,1.0,Urban,1,6216.0,23.166023166023166,14.1264
60,Male,Yes,0,Graduate,No,1.0,Urban,1,6296.0,19.05972045743329,11.772
61,Male,Yes,3,Graduate,No,1.0,Urban,1,3029.0,32.684054143281614,9.711900000000002
62,Male,Yes,0,Not Graduate,Yes,0.0,Rural,0,6058.0,27.23671178606801,16.1865
63,Male,Yes,1,Graduate,No,0.0,Rural,0,4945.0,25.88473205257836,12.5568
64,Female,No,0,Graduate,No,0.0,Semiurban,0,4166.0,27.84445511281805,11.3796
65,Male,Yes,0,Graduate,No,1.0,Semiurban,0,10321.0,24.997577754093594,25.3098
66,Male,No,0,Not Graduate,No,0.0,Urban,0,5454.0,23.102310231023104,12.3606
67,Male,Yes,1,Graduate,No,1.0,Urban,1,10750.0,29.023255813953487,30.6072
68,Male,Yes,3,Not Graduate,Yes,1.0,Urban,1,7100.0,17.6056338028169,12.262500000000001
69,Female,No,0,Graduate,No,0.0,Semiurban,0,4300.0,31.627906976744185,13.3416
70,Male,Yes,0,Graduate,No,1.0,Urban,1,6274.0,27.41472744660504,16.873199999999997
71,Male,Yes,2,Not Graduate,Yes,1.0,Semiurban,1,3750.0,25.866666666666667,9.5157
72,Male,No,0,Graduate,No,1.0,Semiurban,1,3500.0,23.142857142857142,7.946100000000001
73,Male,Yes,3,Not Graduate,No,0.0,Semiurban,0,4755.0,19.978969505783386,9.3195
74,Male,Yes,3,Graduate,Yes,1.0,Semiurban,1,7040.0,26.5625,18.3447
75,Male,No,0,Graduate,No,1.0,Urban,0,3750.0,30.133333333333333,11.085300000000002
76,Male,No,0,Graduate,No,1.0,Urban,0,8500.0,20.705882352941178,17.2656
77,Male,Yes,1,Graduate,Yes,1.0,Urban,0,4022.0,27.349577324714073,10.791000000000002
78,Male,Yes,3,Graduate,No,0.0,Semiurban,0,7167.0,25.115110925073253,17.658
79,Male,Yes,3,Not Graduate,Yes,1.0,Semiurban,1,5499.0,23.64066193853428,12.753
80,Female,No,0,Graduate,No,1.0,Semiurban,1,3846.0,28.861154446177846,10.889100000000001
81,Male,Yes,1,Graduate,Yes,1.0,Semiurban,1,2395.0,53.4446764091858,12.5568
82,Female,Yes,2,Graduate,No,1.0,Urban,0,3259.0,51.2427124884934,16.3827
83,Male,Yes,0,Graduate,No,1.0,Semiurban,0,8250.0,32.121212121212125,25.996499999999997
84,Male,Yes,1,Graduate,No,1.0,Urban,1,3988.0,12.537612838515546,4.905000000000001
85,Male,No,0,Graduate,No,1.0,Semiurban,1,4897.0,27.77210537063508,13.3416
86,Male,Yes,2,Not Graduate,No,1.0,Semiurban,1,5333.0,18.5636602287643,9.711900000000002
87,Male,Yes,0,Graduate,No,1.0,Semiurban,1,4618.0,22.52057167605024,10.202399999999999
88,Male,No,0,Graduate,No,1.0,Urban,1,8566.0,24.515526500116742,20.601
89,Male,Yes,0,Graduate,No,1.0,Semiurban,1,9862.0,17.744879334820524,17.1675
90,Male,Yes,0,Graduate,No,1.0,Semiurban,1,5858.0,22.362581085694778,12.851099999999999
91,Male,Yes,2,Graduate,No,1.0,Semiurban,1,11904.0,15.793010752688172,18.4428
92,Male,Yes,2,Not Graduate,No,1.0,Urban,1,5093.0,15.904182210877675,7.946100000000001
93,Male,No,0,Graduate,No,1.0,Semiurban,1,4133.0,29.518509557222355,11.968200000000003
94,Male,No,0,Not Graduate,No,1.0,Semiurban,1,3620.0,6.906077348066298,2.4525
95,Male,No,0,Graduate,No,1.0,Urban,0,6782.0,18.873488646416988,12.5568
96,Female,Yes,0,Graduate,No,1.0,Semiurban,1,4786.0,28.625156707062263,13.4397
97,Male,Yes,0,Graduate,No,1.0,Semiurban,1,2974.0,16.812373907195695,4.905
98,Male,Yes,0,Not Graduate,No,1.0,Semiurban,1,4188.0,27.45940783190067,11.281500000000001
99,Male,Yes,0,Graduate,No,1.0,Semiurban,1,5300.0,24.71698113207547,12.851099999999999
100,Male,Yes,2,Not Graduate,No,1.0,Urban,1,7551.0,17.61356111773275,13.047299999999998
101,Male,No,0,Graduate,No,1.0,Semiurban,1,8649.0,17.458665741704245,14.8131
102,Male,Yes,0,Graduate,No,1.0,Urban,1,13650.0,9.377289377289378,12.5568
103,Male,Yes,0,Graduate,No,1.0,Semiurban,1,8235.0,15.54341226472374,12.5568
104,Male,Yes,0,Graduate,No,1.0,Urban,1,4570.0,35.010940919037196,15.696
105,Male,Yes,1,Graduate,No,1.0,Urban,1,4082.0,24.49779519843214,9.81
106,Male,Yes,2,Graduate,No,1.0,Urban,1,12543.0,17.93829227457546,22.0725
107,Male,No,0,Not Graduate,No,1.0,Rural,0,7333.0,16.36438019909996,11.772
108,Male,Yes,2,Graduate,No,0.0,Urban,0,7400.0,29.18918918918919,21.1896
109,Male,Yes,3,Not Graduate,No,1.0,Semiurban,1,2825.0,33.27433628318584,9.221400000000001
110,Male,No,0,Graduate,No,1.0,Urban,1,5316.0,25.583145221971407,13.3416
111,Female,Yes,0,Graduate,No,1.0,Semiurban,1,5262.0,26.415811478525274,13.6359
112,Male,Yes,0,Not Graduate,No,0.0,Rural,0,7686.0,19.776216497527972,14.911200000000001
113,Female,No,1,Graduate,Yes,1.0,Semiurban,1,7451.0,17.17890216078379,12.5568
114,Male,No,0,Graduate,No,1.0,Semiurban,1,5050.0,23.366336633663366,11.5758
115,Male,Yes,1,Graduate,No,1.0,Rural,1,14583.0,12.686004251525748,18.1485
116,Female,Yes,0,Graduate,No,1.0,Semiurban,1,5450.0,28.256880733944953,15.1074
117,Male,Yes,1,Graduate,No,1.0,Urban,1,3612.0,23.53266888150609,8.3385
118,Male,Yes,0,Graduate,No,1.0,Rural,0,7710.0,22.69779507133593,17.1675
119,Female,No,0,Graduate,No,1.0,Urban,1,10408.0,24.884704073789393,25.4079
120,Male,Yes,0,Graduate,No,1.0,Rural,1,8334.0,21.598272138228943,17.658
121,Female,No,0,Graduate,No,1.0,Semiurban,1,4166.0,10.561689870379261,4.3164
122,Female,No,0,Graduate,No,0.0,Semiurban,1,11117.0,12.323468561662319,13.4397
123,Male,Yes,2,Graduate,No,1.0,Semiurban,1,2957.0,27.392627663172135,7.946100000000001
124,Male,Yes,0,Not Graduate,No,1.0,Rural,1,6314.0,30.725372188786825,19.0314
125,Female,No,0,Graduate,No,1.0,Rural,1,3692.0,25.189599133261105,9.1233
126,Male,Yes,3,Graduate,No,1.0,Rural,1,23803.0,15.544259127000798,36.297
127,Male,No,0,Graduate,No,1.0,Rural,1,5505.0,23.251589464123523,12.5568
128,Male,Yes,1,Graduate,Yes,0.0,Urban,0,14363.0,11.139734038849822,15.695999999999998
129,Male,Yes,0,Graduate,No,1.0,Rural,0,8649.0,21.042895132385247,17.8542
130,Male,No,0,Graduate,Yes,1.0,Urban,1,20166.0,32.2324704948924,63.765
131,Male,No,0,Graduate,No,1.0,Urban,1,3943.0,18.76743596246513,7.2594
132,Male,No,0,Graduate,No,1.0,Semiurban,1,2718.0,25.754231052244297,6.867000000000001
133,Male,Yes,0,Graduate,Yes,1.0,Semiurban,1,3459.0,7.227522405319457,2.4525
134,Male,No,0,Graduate,No,1.0,Semiurban,1,4895.0,20.83758937691522,10.0062
135,Male,Yes,3,Graduate,No,1.0,Semiurban,0,11750.0,24.680851063829788,28.448999999999998
136,Female,Yes,0,Graduate,No,1.0,Rural,0,4583.0,18.328605716779403,8.2404
137,Male,Yes,2,Graduate,Yes,1.0,Urban,1,6816.0,12.910798122065728,8.6328
138,Male,No,0,Graduate,No,0.0,Semiurban,0,14999.0,16.134408960597373,23.7402
139,Male,Yes,2,Not Graduate,No,1.0,Rural,0,5630.0,22.912966252220247,12.6549
140,Male,Yes,2,Graduate,No,1.0,Rural,0,7125.0,25.964912280701753,18.1485
141,Male,No,0,Graduate,No,1.0,Urban,1,5417.0,31.013476093778845,16.4808
142,Male,No,0,Graduate,Yes,1.0,Semiurban,1,6950.0,25.179856115107913,17.1675
143,Male,Yes,0,Graduate,No,1.0,Semiurban,1,4732.0,25.78191039729501,11.968200000000003
144,Male,Yes,2,Graduate,No,1.0,Urban,1,11757.0,15.905418048821979,18.3447
145,Female,Yes,0,Graduate,No,1.0,Semiurban,1,6816.0,14.671361502347418,9.81
146,Female,Yes,2,Graduate,No,1.0,Urban,1,14866.0,4.708731333243644,6.867000000000001
147,Male,Yes,1,Graduate,No,1.0,Urban,1,2963.0,10.12487343908201,2.943
148,Female,No,0,Graduate,No,1.0,Rural,0,11666.0,19.286816389507973,22.0725
149,Male,Yes,0,Graduate,No,1.0,Semiurban,1,5690.0,21.968365553602812,12.262500000000001
150,Male,No,0,Graduate,No,0.0,Rural,0,6277.0,18.798789230524136,11.5758
151,Male,Yes,0,Graduate,Yes,1.0,Rural,1,6327.0,24.024024024024023,14.911200000000001
152,Male,No,0,Graduate,No,1.0,Urban,0,9166.0,26.620117826751038,23.936400000000006
153,Male,Yes,2,Not Graduate,No,1.0,Rural,0,2281.0,49.53967558088558,11.0853
154,Male,No,0,Graduate,No,1.0,Urban,1,3254.0,15.365703749231715,4.905
155,Male,Yes,3,Graduate,No,0.0,Semiurban,1,39999.0,15.000375009375235,58.86000000000001
156,Male,Yes,1,Graduate,No,1.0,Rural,1,6000.0,26.666666666666668,15.696
157,Male,Yes,1,Graduate,No,1.0,Urban,1,9538.0,19.605787376808554,18.3447
158,Male,No,0,Graduate,No,1.0,Rural,1,5063.0,23.70136282836263,11.772
159,Male,Yes,0,Graduate,No,1.0,Semiurban,1,10208.0,24.980407523510973,25.015500000000003
160,Male,Yes,0,Not Graduate,No,1.0,Semiurban,1,2904.0,33.7465564738292,9.6138
161,Male,Yes,0,Graduate,No,1.0,Urban,0,7933.0,34.665322072355984,26.9775
162,Male,Yes,1,Graduate,No,0.0,Semiurban,0,4369.0,27.695124742504007,11.8701
163,Male,Yes,2,Graduate,No,1.0,Rural,1,5614.0,28.14392589953687,15.4998
164,Male,Yes,0,Graduate,No,1.0,Urban,1,9323.0,8.04462083020487,7.357500000000001
165,Male,Yes,0,Graduate,No,1.0,Rural,1,6873.0,26.480430670740578,17.8542
166,Female,Yes,0,Graduate,No,1.0,Rural,0,4583.0,24.43814095570587,10.987200000000001
167,Male,Yes,0,Graduate,No,1.0,Rural,1,5772.0,22.34927234927235,12.6549
168,Male,No,0,Graduate,No,0.0,Semiurban,0,2237.0,28.162717925793473,6.180300000000001
169,Male,Yes,2,Graduate,No,1.0,Semiurban,1,8000.0,25.0,19.62
170,Male,Yes,0,Not Graduate,No,1.0,Rural,1,3589.0,26.469768737809975,9.3195
171,Male,Yes,3,Graduate,No,1.0,Urban,1,51763.0,13.523172922744045,68.67
172,Male,Yes,3,Not Graduate,No,1.0,Rural,0,3522.0,22.998296422487222,7.9461
173,Male,Yes,0,Graduate,No,1.0,Semiurban,1,11333.0,16.500485308391422,18.3447
174,Male,Yes,0,Not Graduate,Yes,1.0,Semiurban,0,5080.0,17.125984251968504,8.5347
175,Male,Yes,0,Graduate,No,1.0,Rural,1,5461.0,21.241530855154732,11.3796
176,Male,Yes,2,Graduate,No,1.0,Rural,1,3664.0,27.565502183406114,9.908100000000001
177,Male,Yes,3,Graduate,No,0.0,Semiurban,0,16816.0,29.436251189343484,48.5595
178,Male,Yes,1,Graduate,No,1.0,Semiurban,1,3750.0,30.933333333333334,11.3796
179,Male,No,0,Not Graduate,No,0.0,Urban,0,3784.0,26.955602536997887,10.0062
180,Male,Yes,1,Graduate,No,0.0,Urban,0,13650.0,13.186813186813186,17.658
181,Male,No,0,Graduate,No,1.0,Rural,0,6979.0,9.60022925920619,6.572699999999999
182,Male,Yes,0,Graduate,No,1.0,Semiurban,1,4600.0,15.869565217391305,7.1613
183,Male,Yes,1,Graduate,No,1.0,Semiurban,0,33846.0,7.68185309933227,25.506
184,Female,Yes,0,Graduate,No,1.0,Semiurban,1,3625.0,29.79310344827586,10.5948
185,Male,Yes,0,Graduate,Yes,1.0,Semiurban,1,43897.0,2.7336720049206096,11.772
186,Male,Yes,1,Graduate,Yes,0.0,Rural,0,2178.0,30.303030303030305,6.474600000000001
187,Male,Yes,0,Graduate,No,1.0,Rural,1,4521.0,12.829020128290201,5.6898
188,Male,Yes,0,Graduate,Yes,1.0,Rural,1,5970.0,28.14070351758794,16.4808
189,Male,Yes,0,Graduate,No,1.0,Rural,1,9328.0,20.154373927958833,18.4428
190,Male,No,0,Not Graduate,No,1.0,Rural,1,4885.0,9.825997952917094,4.7088
191,Male,No,0,Graduate,No,1.0,Semiurban,0,12000.0,13.666666666666666,16.0884
192,Male,Yes,0,Not Graduate,No,1.0,Urban,0,6033.0,26.52080225426819,15.696
193,Male,No,0,Graduate,No,1.0,Semiurban,1,3858.0,19.699326075686884,7.4556000000000004
194,Male,No,0,Graduate,No,1.0,Rural,1,4191.0,28.63278453829635,11.772
195,Male,Yes,1,Graduate,No,1.0,Semiurban,0,5708.0,29.782761037140855,16.677
196,Male,No,0,Graduate,No,1.0,Rural,1,12083.0,15.476289001075891,18.3447
197,Female,No,0,Not Graduate,No,1.0,Urban,1,4272.0,28.089887640449437,11.772
198,Female,Yes,0,Graduate,No,1.0,Semiurban,1,6232.0,18.13222079589217,11.0853
199,Male,No,0,Graduate,Yes,1.0,Urban,0,11000.0,7.545454545454546,8.1423
200,Male,Yes,1,Not Graduate,No,1.0,Semiurban,1,5100.0,17.647058823529413,8.829
201,Male,No,2,Graduate,No,0.0,Semiurban,1,4923.0,33.719276863701,16.2846
202,Male,Yes,3,Not Graduate,No,1.0,Urban,0,3992.0,32.06412825651302,12.556799999999999
203,Male,Yes,1,Not Graduate,No,1.0,Urban,1,4583.0,29.456687759109755,13.243500000000001
204,Male,Yes,2,Not Graduate,No,1.0,Semiurban,1,3917.0,31.65688026550932,12.164400000000002
205,Female,No,0,Not Graduate,No,1.0,Semiurban,1,4408.0,27.22323049001815,11.772
206,Female,No,0,Graduate,No,1.0,Urban,1,3244.0,24.66091245376079,7.848
207,Male,No,0,Not Graduate,No,1.0,Rural,1,6506.0,8.453735013833384,5.395500000000001
208,Male,No,0,Graduate,No,1.0,Urban,1,2479.0,23.79991932230738,5.7879
209,Male,No,0,Graduate,No,1.0,Semiurban,0,3418.0,37.15623171445289,12.4587
210,Female,No,0,Graduate,No,1.0,Semiurban,0,10000.0,21.4,20.9934
211,Male,Yes,3,Graduate,No,0.0,Semiurban,0,4680.0,27.35042735042735,12.5568
212,Male,Yes,1,Graduate,Yes,1.0,Urban,1,7787.0,30.820598433286246,23.544
213,Male,Yes,3,Not Graduate,Yes,1.0,Rural,1,5703.0,22.79502016482553,12.753
214,Male,Yes,0,Graduate,No,1.0,Urban,1,6194.0,22.118178882789795,13.4397
215,Male,Yes,3,Not Graduate,No,1.0,Semiurban,1,4833.0,20.69108214359611,9.81
216,Male,Yes,0,Graduate,No,1.0,Rural,0,1950.0,69.23076923076923,13.243500000000001
217,Male,Yes,0,Graduate,No,1.0,Semiurban,1,5502.0,23.80952380952381,12.851099999999999
218,Male,Yes,2,Graduate,No,0.0,Semiurban,0,5000.0,14.4,7.0632
219,Female,Yes,2,Graduate,No,1.0,Semiurban,1,6666.0,19.05190519051905,12.4587
220,Male,Yes,0,Graduate,No,0.0,Urban,0,2221.0,27.014858171994597,5.886
221,Male,Yes,2,Graduate,No,1.0,Semiurban,1,5726.0,20.258470136220748,11.3796
222,Male,No,0,Graduate,No,1.0,Semiurban,1,5762.0,24.99132245748004,14.1264
223,Male,Yes,0,Graduate,No,1.0,Semiurban,1,8588.0,20.3772706101537,17.1675
224,Male,Yes,0,Graduate,No,1.0,Semiurban,1,6250.0,20.48,12.5568
225,Male,Yes,0,Graduate,No,1.0,Rural,0,3250.0,52.30769230769231,16.677
226,Male,Yes,0,Not Graduate,Yes,1.0,Urban,0,4735.0,29.14466737064414,13.537799999999999
227,Male,Yes,2,Graduate,No,1.0,Semiurban,1,7945.0,26.431718061674008,20.601
228,Male,Yes,0,Graduate,No,1.0,Semiurban,1,4758.0,33.2072299285414,15.499800000000002
229,Male,No,0,Graduate,Yes,1.0,Rural,1,6400.0,31.25,19.62
230,Male,Yes,1,Graduate,No,1.0,Semiurban,1,4545.0,22.882288228822883,10.202399999999999
231,Male,Yes,0,Graduate,No,1.0,Rural,1,3716.0,11.302475780409042,4.1202
232,Male,No,0,Not Graduate,No,1.0,Rural,1,5787.0,20.73613271124935,11.772
233,Female,No,0,Graduate,No,1.0,Semiurban,1,8333.0,33.60134405376215,27.468000000000004
234,Male,Yes,1,Graduate,No,1.0,Semiurban,1,4934.0,28.37454398054317,13.734000000000002
235,Male,Yes,1,Graduate,No,1.0,Rural,1,6760.0,25.14792899408284,16.677
236,Male,Yes,0,Graduate,No,1.0,Urban,0,5746.0,44.37869822485207,25.015500000000003
237,Female,No,0,Graduate,Yes,1.0,Urban,1,3463.0,35.229569737222064,11.968200000000003
238,Female,No,1,Graduate,No,1.0,Rural,1,3812.0,29.38090241343127,10.987200000000001
239,Male,Yes,1,Graduate,No,1.0,Semiurban,1,3315.0,28.959276018099548,9.4176
240,Male,Yes,2,Graduate,No,1.0,Rural,1,10819.0,11.09159811442832,11.772
241,Male,Yes,1,Not Graduate,No,1.0,Urban,0,4493.0,31.159581571333185,13.734000000000002
242,Male,No,0,Graduate,No,1.0,Urban,1,8666.0,17.88599123009462,15.2055
243,Male,Yes,2,Graduate,Yes,1.0,Rural,1,7550.0,14.304635761589404,10.5948
244,Male,Yes,0,Not Graduate,No,1.0,Semiurban,1,7823.0,15.722868464783332,12.066300000000002
245,Male,No,0,Graduate,Yes,1.0,Urban,0,10383.0,11.557353366079168,11.771999999999998
246,Male,Yes,2,Graduate,No,1.0,Urban,1,9703.0,11.542821807688345,10.987200000000001
247,Male,Yes,1,Not Graduate,No,1.0,Urban,1,6608.0,20.732445520581113,13.4397
248,Male,Yes,1,Graduate,No,1.0,Semiurban,1,4725.0,26.03174603174603,12.066300000000002
249,Male,Yes,0,Graduate,No,1.0,Urban,1,3677.0,24.476475387544195,8.829
250,Male,Yes,0,Not Graduate,No,0.0,Semiurban,0,5558.0,36.1640878013674,19.7181
251,Female,No,2,Graduate,No,1.0,Urban,0,3427.0,40.26845637583892,13.537799999999999
252,Male,No,0,Not Graduate,Yes,1.0,Rural,1,4750.0,21.894736842105264,10.202399999999999
253,Male,Yes,1,Not Graduate,No,1.0,Semiurban,1,9762.0,28.58020897357099,27.369899999999998
254,Male,No,0,Graduate,Yes,0.0,Urban,0,16250.0,11.815384615384616,18.8352
255,Female,No,3,Graduate,No,1.0,Rural,1,3083.0,82.71164450210834,25.015500000000003
256,Male,No,0,Not Graduate,No,0.0,Rural,0,6045.0,19.02398676592225,11.2815
257,Male,Yes,3,Graduate,No,1.0,Urban,0,5250.0,17.904761904761905,9.2214
258,Male,Yes,0,Graduate,No,1.0,Rural,0,16783.0,18.113567300244295,29.822400000000002
259,Male,Yes,3,Not Graduate,No,1.0,Semiurban,0,4931.0,25.958223484080307,12.5568
260,Male,Yes,1,Graduate,No,1.0,Urban,1,10333.0,31.93651408109939,32.373000000000005
261,Male,No,0,Graduate,No,1.0,Semiurban,1,4269.0,31.389084094635745,13.145399999999999
262,Female,No,1,Graduate,No,1.0,Semiurban,0,3481.0,44.52743464521689,15.205499999999999
263,Female,No,0,Graduate,No,1.0,Rural,1,7200.0,16.666666666666668,11.772
264,Male,No,0,Graduate,Yes,1.0,Semiurban,1,5166.0,24.77739063104917,12.5568
265,Male,No,0,Graduate,No,1.0,Rural,1,7542.0,20.02121453195439,14.8131
266,Male,Yes,2,Graduate,No,1.0,Semiurban,1,6095.0,24.61033634126333,14.715
267,Male,Yes,3,Graduate,No,0.0,Urban,1,6144.0,26.041666666666668,15.696
268,Female,No,0,Graduate,No,1.0,Rural,0,3418.0,39.496781743709775,13.243500000000001
269,Female,No,1,Graduate,No,1.0,Urban,1,4436.0,20.288548241659154,8.829
270,Female,No,0,Graduate,No,1.0,Urban,1,3237.0,9.267840593141798,2.943
271,Male,Yes,0,Graduate,No,1.0,Urban,1,11146.0,12.201686703750225,13.3416
272,Male,No,0,Graduate,No,1.0,Rural,1,4690.0,26.865671641791046,12.360600000000002
273,Male,Yes,0,Graduate,No,1.0,Semiurban,1,4843.0,30.97253768325418,14.715
274,Male,Yes,2,Graduate,No,1.0,Semiurban,1,3900.0,23.076923076923077,8.829
275,Male,Yes,1,Graduate,No,1.0,Semiurban,1,4592.0,25.04355400696864,11.2815
276,Male,Yes,0,Graduate,No,1.0,Semiurban,1,7267.0,28.48493188385854,20.3067
277,Male,Yes,0,Graduate,No,1.0,Urban,1,4403.0,18.169429934135817,7.848
278,Male,Yes,0,Graduate,No,1.0,Semiurban,1,14583.0,29.89782623602825,42.77160000000001
279,Female,Yes,0,Not Graduate,No,1.0,Rural,1,4100.0,30.24390243902439,12.164400000000002
280,Male,No,1,Not Graduate,Yes,0.0,Urban,0,6479.0,24.386479394968358,15.4998
281,Male,Yes,0,Graduate,No,1.0,Semiurban,1,4727.0,23.6936746350751,10.987200000000001
282,Male,Yes,2,Graduate,No,1.0,Urban,1,3286.7999878,23.731288879615956,7.6518
283,Female,No,0,Graduate,No,1.0,Urban,1,3477.0,15.530629853321829,5.2974
284,Male,Yes,0,Graduate,No,1.0,Rural,0,20667.0,6.193448492766246,12.5568
285,Male,No,0,Graduate,No,1.0,Rural,1,6211.0,14.329415553051039,8.7309
286,Female,No,0,Graduate,Yes,1.0,Semiurban,0,4317.0,22.932592077831828,9.711900000000002
287,Male,Yes,0,Graduate,No,1.0,Rural,1,5704.0,21.037868162692845,11.772
288,Female,No,0,Graduate,No,1.0,Semiurban,1,4124.0,27.885548011639184,11.2815
289,Male,No,0,Graduate,No,1.0,Rural,1,9508.0,19.667648296171645,18.3447
290,Male,Yes,0,Graduate,No,1.0,Rural,1,5491.0,25.314150427973047,13.6359
291,Male,Yes,2,Graduate,No,0.0,Semiurban,0,4400.0,28.863636363636363,12.4587
292,Male,Yes,2,Graduate,No,1.0,Urban,1,4713.0,28.431996605134735,13.145399999999999
293,Female,No,0,Graduate,No,0.0,Urban,0,5417.0,26.398375484585564,14.028300000000002
294,Male,Yes,0,Graduate,No,1.0,Semiurban,1,5717.0,30.085709288088157,16.873199999999997
295,Male,Yes,3,Graduate,No,1.0,Urban,1,5666.0,19.41404871161313,10.791000000000002
296,Male,Yes,1,Graduate,No,1.0,Semiurban,1,6875.0,29.09090909090909,19.62
297,Female,Yes,1,Graduate,No,1.0,Urban,1,4666.0,28.932704672096015,13.243500000000001
298,Female,No,0,Graduate,No,1.0,Rural,0,7541.0,20.023869513327146,14.813100000000002
299,Male,Yes,1,Graduate,No,1.0,Urban,0,4939.0,22.87912532901397,11.0853
300,Male,Yes,0,Not Graduate,No,0.0,Urban,0,4734.0,19.64512040557668,9.1233
301,Male,Yes,0,Not Graduate,No,1.0,Semiurban,1,4625.0,22.7027027027027,10.3005
302,Female,No,0,Graduate,No,1.0,Rural,1,5000.0,26.4,12.9492
303,Male,Yes,1,Graduate,No,1.0,Urban,1,3428.0,28.004667444574096,9.4176
304,Male,No,0,Graduate,No,1.0,Rural,1,6500.0,21.53846153846154,13.734000000000002
305,Male,No,0,Not Graduate,No,1.0,Urban,0,2000.0,64.0,12.5568
306,Female,No,0,Graduate,No,1.0,Rural,1,5428.0,24.871039056742816,13.243500000000001
307,Female,No,0,Graduate,No,0.0,Urban,0,4263.0,24.39596528266479,10.202399999999999
308,Male,No,0,Graduate,No,1.0,Rural,0,20233.0,23.72361982899224,47.088
309,Male,Yes,2,Not Graduate,No,1.0,Rural,1,7667.0,24.129385678883526,18.1485
310,Female,No,0,Graduate,No,1.0,Semiurban,1,2917.0,28.79670894754885,8.2404
311,Male,No,0,Not Graduate,No,1.0,Semiurban,1,5332.0,20.817704426106527,10.889100000000001
312,Female,No,0,Graduate,No,1.0,Rural,1,2507.0,22.337455125648184,5.493600000000001
313,Male,Yes,2,Graduate,Yes,1.0,Rural,1,5746.0,25.06091193873999,14.126400000000002
314,Male,Yes,0,Graduate,No,1.0,Rural,0,4316.0,36.83966635773864,15.597900000000001
315,Male,Yes,1,Not Graduate,No,1.0,Urban,1,5039.0,22.02818019448303,10.889100000000001
316,Male,Yes,2,Graduate,No,1.0,Semiurban,1,3717.0,32.28410008071025,11.772
317,Male,Yes,0,Graduate,No,1.0,Urban,1,4192.0,20.99236641221374,8.6328
318,Female,No,1,Graduate,No,1.0,Semiurban,1,3541.0,31.62948319683705,10.987200000000001
319,Male,Yes,1,Graduate,Yes,1.0,Rural,0,10000.0,15.5,15.205499999999999
320,Male,Yes,0,Graduate,No,1.0,Semiurban,1,4567.0,25.180643748631486,11.2815
321,Male,Yes,3,Graduate,No,1.0,Semiurban,1,4531.0,27.367027146325313,12.164400000000002
322,Male,Yes,2,Not Graduate,No,1.0,Rural,1,5191.0,24.658062030437296,12.5568
323,Female,No,0,Graduate,No,1.0,Rural,1,6151.0,21.459925215412127,12.9492
324,Male,Yes,3,Graduate,No,1.0,Rural,1,15000.0,20.0,29.43
325,Male,Yes,1,Graduate,Yes,0.0,Rural,0,13649.0,27.547805700051285,36.8856
326,Male,No,0,Graduate,No,0.0,Rural,1,4917.0,26.438885499288183,12.753
327,Male,Yes,0,Graduate,Yes,1.0,Semiurban,1,7978.0,23.063424417147154,18.0504
328,Female,Yes,0,Graduate,No,1.0,Urban,0,6784.0,16.214622641509433,10.791000000000002
329,Female,No,0,Graduate,No,1.0,Urban,1,2500.0,26.8,6.572699999999999
330,Male,No,1,Graduate,No,1.0,Urban,1,6177.0,18.94123360854784,11.477699999999999
331,Male,No,0,Graduate,No,1.0,Semiurban,1,2935.0,33.3901192504259,9.6138
332,Male,No,0,Graduate,No,1.0,Urban,1,2833.0,25.061771973173315,6.9651000000000005
333,Male,Yes,0,Graduate,No,1.0,Urban,1,63337.0,7.7363942087563355,48.069
334,Male,Yes,1,Graduate,Yes,1.0,Urban,1,11666.0,15.600891479513114,17.8542
335,Male,Yes,0,Graduate,Yes,1.0,Semiurban,1,9993.0,7.004903432402682,6.867000000000001
336,Male,Yes,1,Graduate,No,1.0,Rural,1,5938.0,26.94509936005389,15.696
337,Male,Yes,2,Graduate,Yes,1.0,Rural,1,7100.0,24.788732394366196,17.2656
338,Female,No,3,Not Graduate,No,0.0,Urban,0,1830.0,69.94535519125684,12.5568
339,Female,No,0,Graduate,No,1.0,Semiurban,1,4160.0,17.067307692307693,6.9651000000000005
340,Male,Yes,3,Not Graduate,No,1.0,Rural,0,4234.0,40.859707132735004,16.9713
341,Female,No,0,Graduate,No,1.0,Rural,0,2378.0,19.343986543313708,4.5126
342,Male,Yes,1,Not Graduate,No,1.0,Urban,1,5783.0,27.3214594501124,15.4998
343,Male,Yes,3,Not Graduate,No,1.0,Semiurban,1,3173.0,23.321777497636305,7.2594
344,Male,Yes,2,Graduate,No,1.0,Rural,1,4913.0,25.4427030327702,12.262500000000001
345,Male,Yes,0,Graduate,No,1.0,Semiurban,1,4957.0,32.27758725035304,15.696
346,Male,Yes,0,Not Graduate,No,0.0,Rural,0,6753.0,22.50851473419221,14.911200000000001
347,Male,Yes,2,Not Graduate,No,1.0,Urban,1,5251.0,23.995429442011044,12.360600000000002
348,Male,Yes,0,Graduate,No,1.0,Semiurban,1,10916.0,23.72663979479663,25.4079
349,Male,Yes,0,Graduate,No,1.0,Rural,1,8875.0,21.070422535211268,18.3447
350,Male,Yes,0,Graduate,No,1.0,Semiurban,1,9083.0,25.101838599581637,22.3668
351,Male,No,0,Graduate,No,1.0,Rural,0,12917.0,23.84454594720136,30.2148
352,Male,Yes,3,Graduate,No,1.0,Rural,1,4749.0,20.00421141292904,9.3195
353,Female,Yes,0,Graduate,Yes,0.0,Rural,0,5500.0,19.09090909090909,10.3005
354,Female,Yes,0,Graduate,No,1.0,Semiurban,1,2928.0,44.39890710382514,12.753
355,Female,No,0,Graduate,No,1.0,Urban,1,3813.0,30.42223970626803,11.3796
356,Male,Yes,2,Graduate,No,1.0,Rural,1,11500.0,14.347826086956522,16.186500000000002
357,Male,Yes,1,Graduate,No,1.0,Urban,0,3875.0,17.29032258064516,6.572699999999999
358,Male,Yes,0,Not Graduate,No,0.0,Urban,0,4666.0,21.43163309044149,9.81
359,Male,Yes,3,Graduate,No,1.0,Semiurban,1,8334.0,23.99808015358771,19.62
360,Female,No,1,Graduate,No,1.0,Semiurban,0,4723.0,17.150116451408003,7.946100000000001
361,Male,Yes,2,Graduate,No,1.0,Semiurban,1,8667.0,27.229721933771778,23.1516
362,Male,Yes,0,Graduate,No,1.0,Urban,1,7083.0,18.353804884935762,12.753
363,Male,Yes,0,Graduate,No,1.0,Urban,1,6046.0,15.7128680119087,9.319500000000001
364,Male,No,0,Graduate,Yes,1.0,Rural,1,6822.0,20.668425681618295,13.8321
365,Male,No,0,Not Graduate,No,1.0,Rural,0,6216.0,21.396396396396398,13.047299999999998
366,Male,No,0,Graduate,No,1.0,Semiurban,0,2500.0,38.4,9.417600000000002
367,Male,No,0,Graduate,No,0.0,Rural,0,5124.0,24.19984387197502,12.164400000000002
368,Male,Yes,1,Graduate,No,1.0,Semiurban,1,6325.0,27.66798418972332,17.1675
369,Male,Yes,0,Graduate,No,1.0,Rural,0,24996.0,22.803648583773402,55.917
370,Female,No,0,Graduate,Yes,1.0,Semiurban,1,15759.0,3.490069166825306,5.395500000000001
371,Male,Yes,2,Graduate,No,1.0,Semiurban,1,5185.0,29.893924783027966,15.205499999999999
372,Male,Yes,2,Graduate,Yes,1.0,Rural,1,17196.0,22.09816236334031,37.278000000000006
373,Male,No,1,Graduate,No,0.0,Urban,0,5049.0,21.984551396316103,10.889100000000001
374,Female,No,0,Graduate,No,1.0,Urban,1,4223.0,26.04783329386692,10.791000000000002
375,Male,Yes,0,Graduate,No,1.0,Urban,1,5740.0,20.905923344947734,11.771999999999998
376,Male,Yes,3,Graduate,No,1.0,Rural,1,13746.0,9.457296668121636,12.753
377,Male,Yes,0,Graduate,No,1.0,Semiurban,1,4310.0,30.162412993039442,12.753
378,Male,No,0,Graduate,No,1.0,Urban,0,3069.0,23.134571521668295,6.9651000000000005
379,Male,Yes,2,Graduate,No,1.0,Urban,1,5391.0,24.114264514932295,12.753
380,Male,Yes,0,Graduate,No,1.0,Semiurban,1,5833.0,21.944111092062403,12.5568
381,Male,No,0,Graduate,No,1.0,Semiurban,1,10173.0,29.096628329892855,29.0376
382,Female,No,0,Graduate,No,1.0,Urban,1,6000.0,26.0,15.3036
383,Male,No,0,Graduate,Yes,1.0,Urban,1,7167.0,17.859634435607646,12.5568
384,Male,Yes,2,Graduate,No,1.0,Urban,0,4566.0,21.901007446342533,9.81
385,Male,No,1,Graduate,No,1.0,Urban,1,3667.0,30.815380419961823,11.0853
386,Male,No,0,Not Graduate,No,1.0,Semiurban,1,3946.0,33.45159655347187,12.9492
387,Male,Yes,0,Not Graduate,No,0.0,Urban,0,6146.0,20.826553856166612,12.5568
388,Male,Yes,0,Graduate,No,1.0,Urban,1,4750.0,28.63157894736842,13.3416
389,Male,Yes,0,Graduate,No,1.0,Rural,1,5488.0,22.776967930029155,12.262500000000001
390,Male,No,3,Graduate,No,1.0,Rural,1,9167.0,20.18108432420639,18.1485
391,Male,Yes,3,Graduate,No,1.0,Rural,1,9504.0,28.935185185185187,26.9775
392,Male,Yes,0,Graduate,No,1.0,Urban,1,4698.0,25.54278416347382,11.772
393,Male,Yes,2,Not Graduate,No,1.0,Semiurban,1,3618.0,31.232725262576007,11.0853
394,Male,Yes,2,Graduate,No,1.0,Urban,1,4500.0,25.11111111111111,11.0853
395,Male,Yes,2,Graduate,No,1.0,Semiurban,1,3760.0,35.90425531914894,13.243500000000001
396,Female,No,0,Graduate,No,0.0,Urban,0,3180.0,22.32704402515723,6.9651000000000005
397,Male,Yes,0,Graduate,No,1.0,Urban,1,4492.0,21.148708815672308,9.3195
398,Male,No,0,Not Graduate,No,1.0,Rural,1,5568.0,19.576149425287355,10.692900000000002
399,Female,No,0,Graduate,No,0.0,Semiurban,0,3300.0,31.21212121212121,10.1043
400,Male,Yes,2,Not Graduate,No,0.0,Urban,0,2889.0,15.576323987538942,4.414499999999999
401,Male,No,0,Not Graduate,No,1.0,Rural,0,2755.0,23.593466424682397,6.376500000000001
402,Male,No,0,Graduate,No,1.0,Semiurban,1,22500.0,4.5777777777777775,10.1043
403,Female,No,0,Not Graduate,No,1.0,Semiurban,1,1963.0,26.999490575649517,5.1993
404,Female,No,0,Graduate,Yes,1.0,Rural,0,7441.0,26.071764547775835,19.0314
405,Female,No,0,Graduate,No,1.0,Semiurban,1,4547.0,25.29140092368595,11.2815
406,Male,Yes,0,Not Graduate,No,1.0,Urban,1,4567.0,25.180643748631486,11.2815
407,Female,No,0,Not Graduate,No,1.0,Rural,1,2213.0,29.8237686398554,6.4746
408,Male,Yes,1,Graduate,No,0.0,Semiurban,0,8300.0,18.313253012048193,14.911200000000001
409,Male,Yes,3,Graduate,No,0.0,Rural,0,81000.0,4.444444444444445,35.316
410,Female,No,1,Not Graduate,Yes,1.0,Semiurban,0,3867.0,16.03310059477631,6.082200000000001
411,Male,Yes,0,Graduate,No,1.0,Urban,1,6256.0,25.575447570332482,15.696
412,Male,Yes,0,Not Graduate,No,0.0,Rural,0,6096.0,35.76115485564304,21.385800000000003
413,Male,Yes,0,Not Graduate,No,1.0,Rural,1,4286.0,25.664955669622024,10.791000000000002
414,Female,Yes,0,Not Graduate,No,0.0,Semiurban,0,5386.0,33.04864463423691,17.4618
415,Female,No,0,Graduate,No,1.0,Urban,1,2995.0,20.03338898163606,5.886
416,Female,No,1,Graduate,No,1.0,Urban,0,2600.0,61.53846153846154,15.696
417,Male,Yes,2,Graduate,Yes,1.0,Urban,0,21600.0,11.064814814814815,23.4459
418,Male,Yes,0,Graduate,No,1.0,Rural,1,3798.0,29.48920484465508,10.987200000000001
419,Male,Yes,0,Graduate,No,1.0,Semiurban,1,4663.0,29.59468153549217,13.537799999999999
420,Male,Yes,0,Graduate,No,1.0,Rural,1,5829.0,23.674729799279465,13.537799999999999
421,Female,No,0,Not Graduate,No,0.0,Urban,0,2720.0,29.41176470588235,7.848
422,Male,Yes,0,Graduate,No,1.0,Urban,1,3539.0,28.256569652444192,9.81
423,Male,Yes,1,Graduate,No,0.0,Urban,0,8917.0,12.33598743972188,10.791000000000002
424,Male,Yes,0,Graduate,No,1.0,Semiurban,1,14880.0,6.451612903225806,9.4176
425,Male,Yes,0,Graduate,No,1.0,Rural,1,6966.0,17.37008326155613,11.8701
426,Female,No,1,Not Graduate,No,1.0,Rural,0,4606.0,17.585757707338253,7.946100000000001
427,Male,Yes,2,Graduate,No,1.0,Semiurban,1,5935.0,22.40943555181129,13.047299999999998
428,Male,Yes,0,Graduate,No,1.0,Rural,1,2936.12000084,29.630941506174818,8.5347
429,Male,No,0,Not Graduate,No,1.0,Urban,1,2717.0,22.08317997791682,5.885999999999999
430,Female,No,1,Graduate,Yes,1.0,Semiurban,1,8624.0,17.393320964749535,14.715
431,Male,No,0,Graduate,No,0.0,Rural,0,6500.0,16.153846153846153,10.3005
432,Male,No,0,Graduate,No,1.0,Semiurban,1,12876.0,31.453867660764214,39.7305
433,Male,Yes,0,Graduate,No,1.0,Semiurban,1,4765.0,30.010493179433368,14.0283
434,Male,No,0,Graduate,No,1.0,Urban,1,3750.0,26.666666666666668,9.81
435,Female,Yes,0,Graduate,No,1.0,Semiurban,1,10047.0,12.740121429282373,12.5568
436,Male,No,0,Graduate,No,1.0,Semiurban,1,3777.0,13.238019592268996,4.905
437,Male,Yes,0,Graduate,No,1.0,Urban,1,3338.0,38.34631515877771,12.5568
438,Male,No,0,Graduate,Yes,0.0,Urban,0,10416.0,17.953149001536097,18.3447
439,Female,Yes,0,Not Graduate,Yes,1.0,Rural,1,7142.0,19.322318678241388,13.537799999999999
440,Male,No,0,Graduate,No,1.0,Semiurban,1,8724.0,21.435121503897296,18.3447
441,Male,Yes,0,Graduate,No,1.0,Rural,1,9734.0,18.491884117526197,17.658
442,Male,No,3,Not Graduate,No,1.0,Semiurban,1,6700.0,22.08955223880597,14.5188
443,Male,No,1,Graduate,No,1.0,Semiurban,1,37719.0,4.029799305389856,14.911200000000001
444,Male,Yes,0,Graduate,No,1.0,Rural,1,15666.0,11.170688114387847,17.1675
445,Male,Yes,1,Graduate,Yes,1.0,Rural,1,4676.0,27.80153977758768,12.753
446,Male,Yes,2,Not Graduate,No,1.0,Rural,1,4652.0,23.6457437661221,10.791000000000002
447,Male,Yes,0,Graduate,No,1.0,Rural,0,4915.0,11.190233977619531,5.395500000000001
448,Male,Yes,2,Graduate,No,0.0,Rural,0,5050.0,29.702970297029704,14.715
449,Male,No,1,Not Graduate,Yes,1.0,Semiurban,0,4311.0,44.07330085826954,18.639
450,Male,Yes,2,Not Graduate,No,0.0,Rural,0,3564.0,35.072951739618404,12.262500000000001
451,Male,Yes,2,Not Graduate,No,1.0,Urban,1,3414.0,17.57469244288225,5.886
452,Male,Yes,0,Graduate,No,0.0,Rural,0,5681.0,26.22777679985918,14.616900000000001
453,Male,Yes,0,Graduate,No,0.0,Rural,1,4949.0,18.185492018589613,8.828999999999999
454,Male,No,0,Graduate,Yes,1.0,Semiurban,1,7085.0,11.856033874382499,8.2404
455,Male,Yes,2,Graduate,No,1.0,Semiurban,1,3859.0,24.876911116869657,9.4176
456,Male,Yes,0,Graduate,No,1.0,Urban,1,4301.0,27.435480120902117,11.5758
457,Male,Yes,0,Graduate,No,1.0,Urban,0,6277.0,27.560936753226063,16.9713
458,Male,No,2,Graduate,No,1.0,Rural,1,4354.0,31.23564538355535,13.3416
459,Male,Yes,0,Graduate,No,1.0,Semiurban,0,8334.0,19.19846412287017,15.696
460,Male,Yes,0,Graduate,Yes,1.0,Semiurban,1,6166.0,25.948751216347713,15.696
461,Male,Yes,3,Graduate,No,1.0,Urban,1,7740.0,16.537467700258397,12.556799999999999
462,Male,Yes,0,Graduate,No,1.0,Rural,1,5203.0,29.40611185854315,15.0093
463,Female,No,1,Not Graduate,No,1.0,Semiurban,1,5191.0,25.42862646888846,12.9492
464,Male,No,0,Graduate,No,0.0,Semiurban,0,4166.0,23.523763802208354,9.6138
465,Male,No,0,Graduate,No,1.0,Rural,1,6000.0,23.333333333333332,13.734000000000002
466,Male,Yes,3,Not Graduate,No,0.0,Urban,0,4611.0,15.181088700932552,6.867000000000001
467,Male,Yes,0,Graduate,No,1.0,Semiurban,1,16692.0,6.589983225497244,10.791000000000002
468,Female,Yes,2,Not Graduate,No,1.0,Semiurban,1,3127.0,31.33994243684042,9.6138
469,Male,Yes,0,Graduate,No,1.0,Urban,0,6784.0,16.214622641509433,10.791000000000002
470,Male,Yes,1,Graduate,Yes,1.0,Semiurban,1,5529.0,29.30005425935974,15.892200000000003
471,Male,Yes,1,Not Graduate,No,0.0,Rural,0,4153.0,27.209246327955693,11.0853
472,Male,Yes,3,Graduate,No,1.0,Semiurban,1,4691.0,21.317416329140908,9.81
473,Female,No,0,Graduate,Yes,1.0,Urban,1,2500.0,37.2,9.1233
474,Male,No,2,Graduate,No,1.0,Rural,1,10180.0,15.913555992141454,15.892200000000003
475,Male,Yes,2,Graduate,Yes,1.0,Rural,1,17539.0,8.552369006214722,14.715
476,Male,Yes,2,Graduate,No,1.0,Semiurban,1,8450.0,27.218934911242602,22.563000000000002
477,Male,Yes,2,Graduate,No,0.0,Semiurban,0,4745.0,27.818756585879875,12.9492
478,Male,Yes,1,Graduate,Yes,1.0,Semiurban,1,18917.0,4.546175397790347,8.436599999999999
479,Male,Yes,2,Graduate,No,1.0,Urban,0,4550.0,28.13186813186813,12.5568
480,Female,No,0,Not Graduate,No,1.0,Rural,1,4350.0,35.40229885057471,15.1074
481,Male,Yes,3,Not Graduate,No,1.0,Rural,1,3095.0,36.51050080775444,11.0853
482,Male,Yes,0,Graduate,No,1.0,Semiurban,1,5233.0,24.460156697878844,12.5568
483,Male,Yes,0,Graduate,No,1.0,Semiurban,1,10833.0,21.60066463583495,22.955399999999997
484,Male,Yes,2,Graduate,No,1.0,Semiurban,1,8333.0,29.52118084723389,24.132600000000004
485,Male,Yes,1,Not Graduate,No,1.0,Rural,1,4394.0,29.813381884387802,12.851099999999999
486,Male,No,2,Graduate,No,0.0,Rural,0,3547.0,22.554271215111363,7.848
487,Male,Yes,1,Graduate,No,1.0,Urban,0,18333.0,27.27322314951181,49.050000000000004
488,Male,Yes,2,Graduate,Yes,1.0,Semiurban,1,6666.0,24.002400240024002,15.696
489,Male,No,0,Graduate,No,1.0,Urban,0,2435.0,30.80082135523614,7.3575
490,Male,No,0,Not Graduate,No,1.0,Semiurban,1,5484.0,17.505470459518598,9.4176
491,Male,Yes,1,Not Graduate,No,1.0,Urban,1,6464.0,28.774752475247524,18.2466
492,Male,No,0,Not Graduate,No,1.0,Rural,1,3691.0,29.802221620157137,10.791000000000002
493,Female,No,0,Not Graduate,Yes,1.0,Semiurban,1,17263.0,13.033655795632278,22.0725
494,Male,Yes,0,Graduate,No,0.0,Rural,0,5754.0,20.68126520681265,11.673899999999998
495,Female,Yes,1,Graduate,No,1.0,Semiurban,1,4239.0,24.769992922859164,10.300500000000001
496,Male,Yes,0,Not Graduate,No,1.0,Rural,1,4300.0,24.88372093023256,10.4967
497,Male,Yes,0,Graduate,No,1.0,Urban,1,7482.0,14.83560545308741,10.889100000000001
498,Male,Yes,1,Graduate,Yes,1.0,Semiurban,1,2895.0,32.81519861830743,9.3195
499,Male,No,0,Graduate,No,0.0,Rural,0,10699.0,19.534535937938124,20.5029
500,Female,No,0,Graduate,No,1.0,Rural,1,4328.0,26.109057301293902,11.085300000000002
501,Female,No,0,Graduate,No,1.0,Semiurban,1,3159.0,31.655587211142766,9.81
502,Male,Yes,2,Graduate,No,1.0,Semiurban,1,10489.0,19.83029840785585,20.404799999999998
503,Male,Yes,1,Not Graduate,No,1.0,Rural,0,9352.0,14.756201881950386,13.537799999999999
504,Male,Yes,0,Not Graduate,No,1.0,Semiurban,1,5297.0,23.4094770624882,12.164400000000002
505,Male,Yes,2,Graduate,No,1.0,Rural,1,7926.0,30.658591975775927,23.8383
506,Male,Yes,0,Graduate,No,1.0,Urban,1,27500.0,17.454545454545453,47.088
507,Male,No,0,Graduate,No,1.0,Urban,0,3583.0,26.793190064192018,9.4176
508,Male,Yes,0,Graduate,Yes,1.0,Urban,1,5492.0,34.23160961398398,18.4428
509,Female,No,1,Graduate,No,1.0,Urban,1,13262.0,3.0161363293620873,3.924
510,Male,No,0,Not Graduate,No,1.0,Rural,0,4885.0,20.470829068577277,9.81
511,Male,Yes,1,Graduate,No,1.0,Semiurban,1,8069.0,30.982773577890693,24.525000000000002
512,Male,Yes,2,Graduate,No,1.0,Urban,1,5318.0,27.830011282437006,14.5188
513,Male,Yes,0,Graduate,No,1.0,Semiurban,0,8796.0,7.958162801273306,6.867000000000001
514,Male,No,0,Graduate,No,1.0,Rural,0,9481.0,32.80244699926168,30.509099999999997
515,Male,Yes,3,Graduate,No,1.0,Rural,1,6894.0,21.75805047867711,14.715
516,Female,Yes,2,Graduate,No,1.0,Semiurban,1,3663.0,30.84903084903085,11.085300000000002
517,Male,Yes,0,Not Graduate,No,0.0,Semiurban,0,4874.0,25.235945835043086,12.066300000000002
518,Male,No,0,Graduate,No,1.0,Semiurban,0,6598.0,28.03879963625341,18.1485
519,Female,No,0,Not Graduate,No,1.0,Rural,0,3400.0,27.941176470588236,9.3195
520,Male,Yes,2,Not Graduate,No,1.0,Semiurban,1,3934.0,11.438739196746313,4.4145
521,Male,No,0,Graduate,No,1.0,Semiurban,1,2500.0,22.0,5.395500000000001
522,Male,Yes,3,Graduate,Yes,1.0,Rural,1,7101.0,14.08252358822701,9.81
523,Male,Yes,2,Graduate,Yes,1.0,Rural,1,15114.0,31.758634378721716,47.088
524,Male,No,0,Graduate,No,1.0,Semiurban,0,6767.0,18.91532436825772,12.5568
525,Male,Yes,2,Graduate,Yes,1.0,Rural,1,17500.0,22.857142857142858,39.24
526,Male,Yes,0,Graduate,No,1.0,Semiurban,1,3775.0,29.13907284768212,10.791000000000002
527,Male,Yes,1,Not Graduate,No,0.0,Semiurban,1,6715.0,23.976172747580044,15.794100000000002
528,Male,No,1,Not Graduate,No,1.0,Semiurban,1,3981.0,23.61215774930922,9.2214
529,Male,No,0,Not Graduate,No,1.0,Semiurban,1,6783.0,19.165560961226596,12.753
530,Male,Yes,0,Graduate,No,1.0,Rural,1,6525.0,33.10344827586207,21.1896
531,Male,Yes,3,Graduate,No,1.0,Urban,1,4281.0,23.3590282644242,9.81
532,Male,No,2,Graduate,No,0.0,Rural,0,3588.0,30.657748049052397,10.791000000000002
533,Male,No,1,Graduate,No,1.0,Semiurban,0,11250.0,17.42222222222222,19.2276
534,Female,No,0,Not Graduate,Yes,1.0,Urban,1,18165.0,6.881365262868153,12.262500000000001
535,Male,No,0,Not Graduate,No,1.0,Rural,1,4592.0,27.4390243902439,12.360600000000002
536,Male,Yes,0,Graduate,No,1.0,Urban,1,10039.0,32.27413088953083,31.784400000000005
537,Male,No,2,Graduate,No,1.0,Semiurban,1,3617.0,29.58252695604092,10.4967
538,Male,Yes,0,Not Graduate,No,1.0,Rural,0,3453.0,19.113814074717638,6.4746
539,Male,Yes,3,Graduate,No,1.0,Rural,1,6417.0,24.46626149290946,15.401699999999998
540,Female,Yes,1,Graduate,No,1.0,Semiurban,1,7453.0,18.784382128002147,13.734000000000002
541,Female,No,0,Graduate,No,0.0,Semiurban,0,2138.0,46.30495790458372,9.711900000000002
542,Female,No,1,Graduate,No,1.0,Semiurban,1,3652.0,26.013143483023,9.3195
543,Male,Yes,1,Not Graduate,No,1.0,Urban,1,4763.0,26.873819021625025,12.5568
544,Female,Yes,0,Not Graduate,No,1.0,Semiurban,1,3680.0,27.717391304347824,10.0062
545,Male,Yes,0,Graduate,No,1.0,Rural,1,4718.0,32.852903772785076,15.205499999999999
546,Male,No,0,Not Graduate,No,1.0,Semiurban,0,3358.0,23.823704586063133,7.847999999999998
547,Male,No,0,Graduate,No,1.0,Rural,1,4309.0,33.65049895567417,14.224499999999999
548,Female,No,0,Graduate,No,0.0,Semiurban,0,5000.0,20.6,10.1043
549,Male,Yes,0,Graduate,No,1.0,Rural,1,4801.0,22.911893355550927,10.791000000000002
550,Male,Yes,2,Graduate,Yes,0.0,Rural,0,6633.0,19.29745213327303,12.5568
551,Male,Yes,1,Not Graduate,No,1.0,Rural,1,4867.0,26.299568522703925,12.5568
552,Male,Yes,1,Graduate,No,1.0,Urban,1,6583.0,24.001215251405135,15.4998
553,Male,Yes,0,Not Graduate,No,0.0,Urban,0,4787.0,37.81073741382912,17.7561
554,Male,Yes,0,Graduate,No,0.0,Rural,0,7859.0,16.79603002926581,12.9492
555,Male,Yes,1,Graduate,No,1.0,Semiurban,1,6500.0,4.0,2.5505999999999998
556,Female,No,0,Graduate,No,1.0,Urban,1,4292.0,19.571295433364398,8.2404
557,Male,Yes,3,Graduate,Yes,1.0,Semiurban,1,10139.0,25.64355459118256,25.506
558,Male,Yes,0,Graduate,No,1.0,Semiurban,1,6556.0,24.71018913971934,15.892200000000003
559,Female,Yes,0,Graduate,No,1.0,Semiurban,1,6486.0,28.060437866173295,17.8542
560,Male,Yes,2,Not Graduate,No,1.0,Semiurban,1,3917.0,27.572121521572633,10.5948
561,Female,Yes,1,Graduate,Yes,1.0,Semiurban,1,19484.0,30.794498049681792,58.86
562,Male,Yes,0,Graduate,No,1.0,Rural,1,7977.0,26.45104675943337,20.6991
563,Male,No,0,Not Graduate,Yes,1.0,Semiurban,1,5800.0,22.75862068965517,12.9492
564,Male,Yes,2,Graduate,No,0.0,Urban,0,8799.0,29.321513808387316,25.3098
565,Male,Yes,0,Not Graduate,No,1.0,Rural,1,4467.0,26.863666890530556,11.772
566,Male,No,0,Graduate,No,1.0,Urban,1,3333.0,21.002100210021002,6.867000000000001
567,Male,Yes,3,Graduate,No,0.0,Rural,0,5900.0,20.847457627118644,12.066300000000002
568,Female,No,0,Graduate,No,1.0,Urban,0,2378.0,3.7846930193439867,0.8829
569,Male,Yes,0,Graduate,No,0.0,Urban,0,5230.0,19.88527724665392,10.202399999999999
570,Male,Yes,1,Graduate,No,1.0,Urban,1,5167.0,35.99767756918909,18.2466
571,Male,Yes,0,Graduate,No,0.0,Urban,0,6567.0,25.12562814070352,16.186500000000002
572,Male,Yes,2,Graduate,No,1.0,Urban,1,16666.0,16.500660026401057,26.9775
573,Male,Yes,2,Not Graduate,No,1.0,Semiurban,0,7750.0,24.129032258064516,18.3447
574,Male,Yes,3,Graduate,No,1.0,Semiurban,0,6406.0,23.415547923821418,14.715
575,Male,Yes,2,Graduate,No,1.0,Urban,1,3620.0,29.834254143646408,10.5948
576,Male,Yes,0,Graduate,No,0.0,Semiurban,0,5297.0,25.674910326599964,13.3416
577,Male,No,0,Graduate,No,1.0,Urban,1,5968.0,18.431635388739945,10.791000000000002
578,Male,Yes,1,Graduate,No,1.0,Rural,1,4014.0,26.656701544593922,10.4967
579,Male,No,0,Graduate,No,1.0,Urban,1,6099.0,26.397770126250204,15.794100000000002
580,Male,Yes,2,Graduate,No,1.0,Semiurban,1,6540.0,31.345565749235472,20.110500000000002
581,Male,No,0,Graduate,No,1.0,Urban,0,35673.0,2.5229164914641324,8.829
582,Female,Yes,0,Graduate,No,1.0,Semiurban,1,3166.0,11.37081490840177,3.5316
583,Male,Yes,1,Graduate,No,1.0,Rural,0,1880.0,32.4468085106383,5.9841000000000015
584,Male,Yes,1,Graduate,No,0.0,Rural,0,4704.0,31.037414965986393,14.3226
585,Male,Yes,1,Graduate,No,1.0,Rural,0,7283.0,23.61664149388988,16.8732
586,Male,Yes,0,Graduate,No,1.0,Urban,1,3819.0,27.232259753862266,10.202399999999999
587,Female,No,0,Not Graduate,No,1.0,Semiurban,1,2165.0,32.33256351039261,6.867000000000001
588,Male,No,0,Graduate,No,1.0,Semiurban,1,4750.0,19.789473684210527,9.2214
589,Male,Yes,2,Graduate,Yes,0.0,Semiurban,0,2726.0,38.88481291269259,10.3986
590,Male,Yes,0,Graduate,No,1.0,Semiurban,1,6416.0,8.728179551122194,5.4936
591,Male,Yes,2,Graduate,Yes,1.0,Semiurban,0,6000.0,34.166666666666664,20.110500000000002
592,Male,No,3,Graduate,Yes,1.0,Semiurban,1,9357.0,31.206583306615368,28.6452
593,Male,Yes,0,Graduate,No,1.0,Rural,1,7159.0,19.835172510127112,13.930200000000001
594,Male,Yes,0,Graduate,Yes,1.0,Urban,1,16120.0,16.129032258064516,25.506
595,Male,No,0,Not Graduate,No,1.0,Rural,1,3833.0,28.69814766501435,10.791000000000002
596,Male,Yes,2,Not Graduate,Yes,1.0,Rural,0,7383.0,25.328457266693757,18.3447
597,Male,No,0,Graduate,No,0.0,Semiurban,0,2987.0,29.46099765651155,8.6328
598,Male,Yes,0,Graduate,Yes,1.0,Rural,1,9963.0,18.066847335140018,17.658
599,Male,Yes,2,Graduate,No,1.0,Urban,1,5780.0,33.21799307958477,18.8352
600,Female,No,3,Graduate,No,1.0,Urban,0,42083.0,8.31689755958463,34.335
601,Male,Yes,0,Not Graduate,No,1.0,Rural,1,5686.0,27.259936686598664,15.205499999999999
602,Male,Yes,3,Graduate,No,1.0,Urban,1,5703.0,22.44432754690514,12.5568
603,Male,No,0,Graduate,No,1.0,Rural,1,7977.0,21.561990723329572,16.873199999999997
604,Female,Yes,1,Graduate,No,1.0,Semiurban,1,12000.0,41.333333333333336,48.65760000000001
605,Male,Yes,0,Not Graduate,No,1.0,Urban,0,6200.0,20.64516129032258,12.556799999999999
606,Male,Yes,1,Graduate,No,1.0,Semiurban,1,5900.0,29.322033898305083,16.9713
607,Male,Yes,2,Not Graduate,No,1.0,Rural,1,5398.0,29.084846239347907,15.401700000000002
608,Male,Yes,0,Graduate,No,1.0,Rural,1,5182.0,20.841373986877652,10.5948
609,Female,No,0,Graduate,No,1.0,Rural,1,2900.0,24.482758620689655,6.9651000000000005
610,Male,Yes,3,Graduate,No,1.0,Rural,1,4106.0,9.74184120798831,3.9239999999999995
611,Male,Yes,1,Graduate,No,1.0,Urban,1,8312.0,30.437921077959576,24.819300000000002
612,Male,Yes,2,Graduate,No,1.0,Urban,1,7583.0,24.66042463404985,18.3447
613,Female,No,0,Graduate,Yes,0.0,Semiurban,0,4583.0,29.02029238490072,13.047299999999998
